{
  "sku_actuals": {
    "Unknown": {
      "avg_daily_users": 57404.2962962963,
      "daily_cogs": 347830.541039154,
      "daily_requests": 19437486.85185185,
      "daily_output_tokens": 4185307001.814815,
      "daily_input_tokens": 523422238595.0,
      "daily_cached_tokens": 428883359966.1111,
      "cogs_per_user_day": 6.059311993719116,
      "requests_per_user_day": 338.60683095083857,
      "tokens_per_user_day": 9191081.149632625
    },
    "Business": {
      "avg_daily_users": 1129497.0,
      "daily_cogs": 4669045.035385913,
      "daily_requests": 373507931.5555556,
      "daily_output_tokens": 69704061582.62962,
      "daily_input_tokens": 7926745195820.814,
      "daily_cached_tokens": 6278709162235.481,
      "cogs_per_user_day": 4.133738323683828,
      "requests_per_user_day": 330.6851913334481,
      "tokens_per_user_day": 7079655.153934401
    },
    "Edu": {
      "avg_daily_users": 251575.44444444444,
      "daily_cogs": 579525.9086466808,
      "daily_requests": 118359670.22222222,
      "daily_output_tokens": 13277704349.555555,
      "daily_input_tokens": 1869964340698.5557,
      "daily_cached_tokens": 1530054036917.1482,
      "cogs_per_user_day": 2.3035869415890384,
      "requests_per_user_day": 470.47385917809504,
      "tokens_per_user_day": 7485794.367597703
    },
    "Pro": {
      "avg_daily_users": 333200.6296296296,
      "daily_cogs": 1969600.723159633,
      "daily_requests": 188323263.66666666,
      "daily_output_tokens": 37494340357.296295,
      "daily_input_tokens": 4075944665959.185,
      "daily_cached_tokens": 3369869067847.7407,
      "cogs_per_user_day": 5.911155466149479,
      "requests_per_user_day": 565.1948013303519,
      "tokens_per_user_day": 12345231.792895438
    },
    "Other": {
      "avg_daily_users": 9648.74074074074,
      "daily_cogs": 36795.42788093102,
      "daily_requests": 4756297.111111111,
      "daily_output_tokens": 688975588.5925926,
      "daily_input_tokens": 76200691571.77777,
      "daily_cached_tokens": 61969429302.703705,
      "cogs_per_user_day": 3.813495343031282,
      "requests_per_user_day": 492.9448555942821,
      "tokens_per_user_day": 7968881.041202844
    },
    "Pro+": {
      "avg_daily_users": 76558.07407407407,
      "daily_cogs": 1767676.7163958433,
      "daily_requests": 58842395.59259259,
      "daily_output_tokens": 23006153203.185184,
      "daily_input_tokens": 2694581043905.1113,
      "daily_cached_tokens": 2337891635220.185,
      "cogs_per_user_day": 23.08935716806983,
      "requests_per_user_day": 768.5981694845066,
      "tokens_per_user_day": 35497068.46698996
    },
    "NO_AUTH_LIMITED_COPILOT": {
      "avg_daily_users": 1.0,
      "daily_cogs": 2748.121216440481,
      "daily_requests": 11639675.370370371,
      "daily_output_tokens": 194865781.5185185,
      "daily_input_tokens": 40976276800.92593,
      "daily_cached_tokens": 21297948752.555557,
      "cogs_per_user_day": 2748.121216440481,
      "requests_per_user_day": 11639675.370370371,
      "tokens_per_user_day": 41171142582.44444
    },
    "Enterprise": {
      "avg_daily_users": 112836.4074074074,
      "daily_cogs": 792152.5527292662,
      "daily_requests": 32704918.703703705,
      "daily_output_tokens": 9224024410.333334,
      "daily_input_tokens": 1039876671359.5555,
      "daily_cached_tokens": 852794826341.6666,
      "cogs_per_user_day": 7.020363116215836,
      "requests_per_user_day": 289.84367240281983,
      "tokens_per_user_day": 9297537.203413464
    },
    "Free": {
      "avg_daily_users": 680071.8888888889,
      "daily_cogs": 164751.5111427386,
      "daily_requests": 308595805.9259259,
      "daily_output_tokens": 10919638095.88889,
      "daily_input_tokens": 1629907271618.2964,
      "daily_cached_tokens": 1071116493377.4445,
      "cogs_per_user_day": 0.2422560229800293,
      "requests_per_user_day": 453.76938963043176,
      "tokens_per_user_day": 2412725.6787440395
    },
    "Missing": {
      "avg_daily_users": 9.222222222222221,
      "daily_cogs": 131411.33378279823,
      "daily_requests": 47413911.88888889,
      "daily_output_tokens": 1828510471.5555556,
      "daily_input_tokens": 582385717834.3334,
      "daily_cached_tokens": 63979802700.703705,
      "cogs_per_user_day": 14249.421735484148,
      "requests_per_user_day": 5141267.554216868,
      "tokens_per_user_day": 63348530780.15663
    },
    "INVALID": {
      "avg_daily_users": 24559.814814814814,
      "daily_cogs": 1650.4925555176078,
      "daily_requests": 177844.59259259258,
      "daily_output_tokens": 91644958.25925925,
      "daily_input_tokens": 5456392157.444445,
      "daily_cached_tokens": 3938735644.148148,
      "cogs_per_user_day": 0.06720297233357021,
      "requests_per_user_day": 7.241283940191369,
      "tokens_per_user_day": 225898.98000196047
    },
    "FREE_CAMPUS_EXPERT_QUOTA": {
      "avg_daily_users": 11.333333333333334,
      "daily_cogs": 30.42019258637833,
      "daily_requests": 1183.3333333333333,
      "daily_output_tokens": 750246.3333333334,
      "daily_input_tokens": 64494197.666666664,
      "daily_cached_tokens": 58154153.0,
      "cogs_per_user_day": 2.6841346399745585,
      "requests_per_user_day": 104.41176470588233,
      "tokens_per_user_day": 5756862.705882353
    },
    "MAX_MONTHLY_SUBSCRIBER_QUOTA": {
      "avg_daily_users": 1.3333333333333333,
      "daily_cogs": 3.888087596855953,
      "daily_requests": 47.666666666666664,
      "daily_output_tokens": 38966.333333333336,
      "daily_input_tokens": 2650040.3333333335,
      "daily_cached_tokens": 2343526.0,
      "cogs_per_user_day": 2.916065697641965,
      "requests_per_user_day": 35.75,
      "tokens_per_user_day": 2016755.0
    },
    "MAX_YEARLY_SUBSCRIBER_QUOTA": {
      "avg_daily_users": 1.0,
      "daily_cogs": 0.01137567151850757,
      "daily_requests": 8.0,
      "daily_output_tokens": 348.0,
      "daily_input_tokens": 63276.0,
      "daily_cached_tokens": 61952.0,
      "cogs_per_user_day": 0.01137567151850757,
      "requests_per_user_day": 8.0,
      "tokens_per_user_day": 63624.0
    }
  },
  "rev_actuals": {
    "Other": {
      "seat_rev_daily": 8.40708846153812,
      "overage_rev_daily": 415227.5252266313,
      "total_users": 5106592
    },
    "Business": {
      "seat_rev_daily": 2004257.112488434,
      "overage_rev_daily": 0,
      "total_users": 3488960
    },
    "Enterprise": {
      "seat_rev_daily": 455013.90839406964,
      "overage_rev_daily": 0,
      "total_users": 413188
    },
    "Free": {
      "seat_rev_daily": 583481.5338434986,
      "overage_rev_daily": 0,
      "total_users": 1003436
    },
    "Pro": {
      "seat_rev_daily": 296032.9422253168,
      "overage_rev_daily": 0,
      "total_users": 1071080
    },
    "Pro+": {
      "seat_rev_daily": 160028.70058859777,
      "overage_rev_daily": 0,
      "total_users": 155113
    }
  },
  "pru_distribution": {
    "Pro": {
      "user_count": 942226,
      "zero_usage_pct": 0.8303740291607322,
      "mean_pru_28d": 203.4020305213399,
      "median_pru_28d": 86.605,
      "percentiles": {
        "p0": 0.0,
        "p10": 3.63,
        "p25": 20.0,
        "p50": 86.605,
        "p75": 229.0,
        "p90": 405.125,
        "p95": 604.4975,
        "p99": 2176.0,
        "p100": 217475.66
      },
      "pct_with_overage": 15.916139015480363,
      "mean_overage_28d": 36.69371201813578
    },
    "Pro+": {
      "user_count": 143442,
      "zero_usage_pct": 0.22099524546506602,
      "mean_pru_28d": 1219.9888531950194,
      "median_pru_28d": 604.0,
      "percentiles": {
        "p0": 0.0,
        "p10": 43.25200000000001,
        "p25": 192.91750000000002,
        "p50": 604.0,
        "p75": 1275.0,
        "p90": 2259.9350000000013,
        "p95": 3578.9834999999944,
        "p99": 10926.785999999982,
        "p100": 929758.3200000001
      },
      "pct_with_overage": 18.647258125235286,
      "mean_overage_28d": 252.94365917931987
    }
  },